[
  {
    "a": "base",
    "b": "w11",
    "overlap": 0.8747,
    "jaccard": 0.7773038300897538,
    "keep_ratio": 0.6,
    "w11": 1.0,
    "w025": 0.25
  },
  {
    "a": "base",
    "b": "w025",
    "overlap": 0.9708333333333333,
    "jaccard": 0.9433198380566802,
    "keep_ratio": 0.6,
    "w11": 1.0,
    "w025": 0.25
  },
  {
    "a": "w11",
    "b": "w025",
    "overlap": 0.9038,
    "jaccard": 0.8244845831052727,
    "keep_ratio": 0.6,
    "w11": 1.0,
    "w025": 0.25
  }
]